SiteID;Site;Country;Province;Town;Latitude;Longitude;Eastings_X;Northings_Y;Stage;Iddates;Score;LabNumber;Method;AGE;STD;Delta13C;Delta15N;Material;Context;Size_m2;Species_45_30ky;Species_all;Type;Function;Source;Observations
S001;A Valina;Spain;Lugo;Castroverde ;43,31667;-7,46667;624336,4;4797122,9;Chatelperronian;S001-03;20;GrA-3014;14C-AMS;31600;250;n/a;n/a;charcoal;IV;14;Neanderthals;Both;Cave;Seasonal camp;Llana Rodriguez et al. 1996;n/a
S001;A Valina;Spain;Lugo;Castroverde ;43,31667;-7,46667;624336,4;4797122,9;Chatelperronian;S001-02;20;GrN-20833;14C-AMS;31730;2800;n/a;n/a;bone ;IV;14;Neanderthals;Both;Cave;Seasonal camp;Llana Rodriguez et al. 1996;n/a
S001;A Valina;Spain;Lugo;Castroverde ;43,31667;-7,46667;624336,4;4797122,9;Chatelperronian;S001-01;20;GrN-17729;14C-AMS;34800;1900;n/a;n/a;bone;IV;14;Neanderthals;Both;Cave;Seasonal camp;Llana Rodriguez et al. 1996;n/a
S002;Cova Eiros;Spain;Lugo;Triacastela ;42,75224;-7,21015;646474,4;4734855,4;Aurignacian;S002-03;21;Beta-254280;14C-AMS;31690;240;n/a;n/a;bone;2;7;Sapiens;Both;Cave;Seasonal camp;Rodriguez-Alvarez et al. 2011;n/a
S002;Cova Eiros;Spain;Lugo;Triacastela ;42,75224;-7,21015;646474,4;4734855,4;Aurignacian;S002-02;n/a;MAD-5611BIN;OSL;32787;2478;n/a;n/a;sediment;2;7;Sapiens;Both;Cave;Seasonal camp;de Lombera-Hermida et al. 2021;n/a
S002;Cova Eiros;Spain;Lugo;Triacastela ;42,75224;-7,21015;646474,4;4734855,4;Mousterian;S002-01;20;OxA-30471;14C-AMS;35100;700;n/a;n/a;bone;3;7;Neanderthals;Both;Cave;Seasonal camp;Rey-Rodriguez et al. 2016;n/a
S003;El Conde;Spain;Asturias;Santo Adriano;43,29859;-5,98599;257792;4798304;Aurignacian;S003-06;18;Beta-217216;14C-AMS;32530;440;n/a;n/a;bone  ;N20C;2;Sapiens;Both;Cave;Seasonal camp;Uzquiano et al. 2008;n/a
S003;El Conde;Spain;Asturias;Santo Adriano;43,29859;-5,98599;257792;4798304;Aurignacian;S003-05;18;Beta-224303;14C-AMS;34730;500;n/a;n/a;bone  ;N20b;2;Sapiens;Both;Cave;Seasonal camp;Uzquiano et al. 2008;n/a
S003;El Conde;Spain;Asturias;Santo Adriano;43,29859;-5,98599;257792;4798304;Mousterian;S003-04;22;Beta-230416;14C-AMS;37710;470;n/a;n/a;charcoal;N20a;2;Neanderthals;Both;Cave;Seasonal camp;Uzquiano et al. 2008;n/a
S003;El Conde;Spain;Asturias;Santo Adriano;43,29859;-5,98599;257792;4798304;Mousterian;S003-03;24;Beta-210572;14C-AMS;38250;390;n/a;n/a;bone;N20a;2;Neanderthals;Both;Cave;Seasonal camp;Uzquiano et al. 2008;n/a
S003;El Conde;Spain;Asturias;Santo Adriano;43,29859;-5,98599;257792;4798304;Mousterian;S003-02;17;Beta-237338;14C-AMS;39110;520;n/a;n/a;bone;N104;2;Neanderthals;Both;Cave;Seasonal camp;Uzquiano et al. 2008;n/a
S003;El Conde;Spain;Asturias;Santo Adriano;43,29859;-5,98599;257792;4798304;Mousterian;S003-01;24;Beta-210571;14C-AMS;39960;470;n/a;n/a;bone  ;N2a1;2;Neanderthals;Both;Cave;Seasonal camp;Vermeersch 2020;n/a
S004;El Sidron;Spain;Asturias;Pilona;43,38631;-5,32852;311396,5;4806348,6;Mousterian;S004-08;32;Beta-89644;14C-AMS;34940;680;n/a;n/a;bone;III;30;Neanderthals;Neanderthals;Cave;Mortuary;Wood et al. 2013;Hominid Bone SID-8B. Galeria del Osario III
S004;El Sidron;Spain;Asturias;Pilona;43,38631;-5,32852;311396,5;4806348,6;Mousterian;S004-07;32;ANU: EU;ESR EU;37000;3000;n/a;n/a;tooth;III;30;Neanderthals;Neanderthals;Cave;Mortuary;Wood et al. 2013;ESR EU  hominid tooth SID-2C. Galeria del Osario III
S004;El Sidron;Spain;Asturias;Pilona;43,38631;-5,32852;311396,5;4806348,6;Mousterian;S004-06;32;Beta-192066;14C-AMS;37300;830;n/a;n/a;bone;III;30;Neanderthals;Neanderthals;Cave;Mortuary;Wood et al. 2013;Hominid bone SID-20. Galeria del Osario III
S004;El Sidron;Spain;Asturias;Pilona;43,38631;-5,32852;311396,5;4806348,6;Mousterian;S004-05;32;Beta-192067;14C-AMS;38240;890;-18,4;n/a;bone;III;30;Neanderthals;Neanderthals;Cave;Mortuary;Wood et al. 2013;Hominid tooth SID-21. Galeria del Osario III
S004;El Sidron;Spain;Asturias;Pilona;43,38631;-5,32852;311396,5;4806348,6;Mousterian;S004-04;n/a;BSL-4179, 4180, 4181;AARD;39400;7100;n/a;n/a;gastropod;III;30;Neanderthals;Neanderthals;Cave;Mortuary;Wood et al. 2013;AARD Gastropod (Cepea nemoralis) average. Galeria del Osario III
S004;El Sidron;Spain;Asturias;Pilona;43,38631;-5,32852;311396,5;4806348,6;Mousterian;S004-03;n/a;ANU: LU;ESR LU;40000;3000;n/a;n/a;tooth;III;30;Neanderthals;Neanderthals;Cave;Mortuary;Wood et al. 2013;ESR LU hominid tooth SID-2C. Galeria del Osario III
S004;El Sidron;Spain;Asturias;Pilona;43,38631;-5,32852;311396,5;4806348,6;Mousterian;S004-02;32;Beta-192065;14C-AMS;40840;1200;-18,1;n/a;tooth;III;30;Neanderthals;Neanderthals;Cave;Mortuary;Wood et al. 2013;Hominid tooth SID-19. Galeria del Osario III
S004;El Sidron;Spain;Asturias;Pilona;43,38631;-5,32852;311396,5;4806348,6;Mousterian;S004-01;n/a;BSL-4069, 4374, 4068, 4063;AARD;44400;8500;n/a;n/a;tooth;III;30;Neanderthals;Neanderthals;Cave;Mortuary;Wood et al. 2013;AARD hominid tooth (average date). Galeria del Osario III
S005;Guelga;Spain;Asturias;Cangas de Onis;43,345;-5,114;328656,2;4801297,8;Chatelperronian;S005-16;22;Beta-172344;14C-AMS;30210;340;n/a;n/a;bone;2;9;Neanderthals;Both;Cave;Seasonal camp;Menendez et al. 2005;Zona D, interior sector
S005;Guelga;Spain;Asturias;Cangas de Onis;43,345;-5,114;328656,2;4801297,8;Chatelperronian;S005-15;18;Beta-172343;14C-AMS;32460;440;n/a;n/a;bone;1;9;Neanderthals;Both;Cave;Seasonal camp;Menendez et al. 2005;Zona D, interior sector
S005;Guelga;Spain;Asturias;Cangas de Onis;43,345;-5,114;328656,2;4801297,8;Aurignacian;S005-14;24;Beta-377233;14C-AMS;33610;220;n/a;n/a;bone;5;9;Sapiens;Both;Cave;Seasonal camp;Menendez et al. 2014;Zona D, interior sector
S005;Guelga;Spain;Asturias;Cangas de Onis;43,345;-5,114;328656,2;4801297,8;Aurignacian;S005-13;24;OxA-30810;14C-AMS;33900;550;n/a;n/a;bone;5;9;Sapiens;Both;Cave;Seasonal camp;Kehl et al. 2018;Zona D, interior sector
S005;Guelga;Spain;Asturias;Cangas de Onis;43,345;-5,114;328656,2;4801297,8;Aurignacian;S005-12;24;COL2579.1.1;14C-AMS;34121;266;n/a;n/a;bone;5;9;Sapiens;Both;Cave;Seasonal camp;Kehl et al. 2018;Zona D, interior sector
S005;Guelga;Spain;Asturias;Cangas de Onis;43,345;-5,114;328656,2;4801297,8;Aurignacian;S005-11;24;COL2578.1.1;14C-AMS;34164;273;n/a;n/a;bone;5;9;Sapiens;Both;Cave;Seasonal camp;Kehl et al. 2018;Zona D, interior sector
S005;Guelga;Spain;Asturias;Cangas de Onis;43,345;-5,114;328656,2;4801297,8;Aurignacian;S005-10;24;COL2578.2.1;14C-AMS;34355;751;n/a;n/a;bone;5;9;Sapiens;Both;Cave;Seasonal camp;Kehl et al. 2018;Zona D, interior sector
S005;Guelga;Spain;Asturias;Cangas de Onis;43,345;-5,114;328656,2;4801297,8;Aurignacian;S005-09;24;COL2579.2.1;14C-AMS;34500;763;n/a;n/a;bone;5;9;Sapiens;Both;Cave;Seasonal camp;Kehl et al. 2018;Zona D, interior sector
S005;Guelga;Spain;Asturias;Cangas de Onis;43,345;-5,114;328656,2;4801297,8;Aurignacian;S005-08;24;OxA-30809;14C-AMS;34750;600;n/a;n/a;bone;5;9;Sapiens;Both;Cave;Seasonal camp;Kehl et al. 2018;Zona D, interior sector
S005;Guelga;Spain;Asturias;Cangas de Onis;43,345;-5,114;328656,2;4801297,8;Chatelperronian;S005-07;25;COL2014;14C-AMS;37429;302;n/a;n/a;bone;2;9;Neanderthals;Both;Cave;Seasonal camp;Menendez et al. 2014;Bone with marks. Zona D, interior sector
S005;Guelga;Spain;Asturias;Cangas de Onis;43,345;-5,114;328656,2;4801297,8;Chatelperronian;S005-06;22;OxA-27958;14C-AMS;40300;1200;n/a;n/a;bone;2;9;Neanderthals;Both;Cave;Seasonal camp;Menendez et al. 2014;Unmodified diaphysis bone fragments. Zona D, interior sector
S005;Guelga;Spain;Asturias;Cangas de Onis;43,345;-5,114;328656,2;4801297,8;Mousterian;S005-05;24;OxA-2700;14C-AMS;43000;0;n/a;n/a;bone;4b;9;Neanderthals;Both;Cave;Seasonal camp;Martinez Moreno et al. 2006;Humanly worked bone. Zona D exterior
S005;Guelga;Spain;Asturias;Cangas de Onis;43,345;-5,114;328656,2;4801297,8;Mousterian;S005-04;24;OxA-20123;14C-AMS;43200;0;n/a;n/a;bone;4b;9;Neanderthals;Both;Cave;Seasonal camp;Quesada & Menendez 2009;Humanly worked bone. Zona D exterior
S005;Guelga;Spain;Asturias;Cangas de Onis;43,345;-5,114;328656,2;4801297,8;Mousterian;S005-03;22;OxA-20125;14C-AMS;43600;0;n/a;n/a;bone;4b;9;Neanderthals;Both;Cave;Seasonal camp;Quesada & Menendez 2009;Long bone. Zona D exterior
S005;Guelga;Spain;Asturias;Cangas de Onis;43,345;-5,114;328656,2;4801297,8;Mousterian;S005-02;20;OxA-19244;14C-AMS;43700;800;n/a;n/a;bone;9;9;Neanderthals;Both;Cave;Seasonal camp;Quesada & Menendez 2009;Inderterminable bone. Zona D, interior sector
S005;Guelga;Spain;Asturias;Cangas de Onis;43,345;-5,114;328656,2;4801297,8;Mousterian;S005-01;20;OxA-19245;14C-AMS;44300;1200;n/a;n/a;bone;9;9;Neanderthals;Both;Cave;Seasonal camp;Quesada & Menendez 2009;Inderterminable bone. Zona D, interior sector. Out range calibration
S006;La Vina;Spain;Asturias;Manzaneda;43,31389;-5,82694;270751,6;4799554;Evolved Aurignacian;S006-13;14;OxA-19195;14C-AMS;30130;170;-21,8;n/a;n/a;XI;10;Sapiens;Both;Cave;Seasonal camp;Wood et al. 2014;n/a
S006;La Vina;Spain;Asturias;Manzaneda;43,31389;-5,82694;270751,6;4799554;Evolved Aurignacian;S006-12;19;OxA-21687;14C-AMS;30600;370;n/a;n/a;bone;XI;10;Sapiens;Both;Cave;Seasonal camp;Wood et al. 2014;Aurignacian Cervus elaphus , femur diaphyseal fragment None
S006;La Vina;Spain;Asturias;Manzaneda;43,31389;-5,82694;270751,6;4799554;Early Aurignacian;S006-11;22;OxA-21845;14C-AMS;30650;360;n/a;n/a;bone;XIII;10;Sapiens;Both;Cave;Seasonal camp;Wood et al. 2014;cf. Cervus elaphus, diaphyseal fragment None
S006;La Vina;Spain;Asturias;Manzaneda;43,31389;-5,82694;270751,6;4799554;Early Aurignacian;S006-10;22;OxA-21705;14C-AMS;31160;380;n/a;n/a;bone;XIII;10;Sapiens;Both;Cave;Seasonal camp;Wood et al. 2014;cf. Cervus elaphus , anterior diaphyseal fragment of metatarsal None
S006;La Vina;Spain;Asturias;Manzaneda;43,31389;-5,82694;270751,6;4799554;Evolved Aurignacian;S006-09;20;OxA-21689;14C-AMS;31500;400;n/a;n/a;bone;XII;10;Sapiens;Both;Cave;Seasonal camp;Wood et al. 2014;Cervus elaphus , left M1 None
S006;La Vina;Spain;Asturias;Manzaneda;43,31389;-5,82694;270751,6;4799554;Evolved Aurignacian;S006-08;20;OxA-21678;14C-AMS;31600;400;n/a;n/a;bone;XII;10;Sapiens;Both;Cave;Seasonal camp;Wood et al. 2014;Cervus elaphus , right M2 None
S006;La Vina;Spain;Asturias;Manzaneda;43,31389;-5,82694;270751,6;4799554;Early Aurignacian;S006-07;20;GifA-95463;14C-AMS;31860;680;n/a;n/a;charcoal;XIII;10;Sapiens;Both;Cave;Seasonal camp;Fortea Perez 1999;n/a
S006;La Vina;Spain;Asturias;Manzaneda;43,31389;-5,82694;270751,6;4799554;Mousterian;S006-06;16;GifA-95550;14C-AMS;35800;1000;n/a;n/a;charcoal;XIII-XIII basal;10;Neanderthals;Both;Cave;Seasonal camp;Fortea Perez 2001;n/a
S006;La Vina;Spain;Asturias;Manzaneda;43,31389;-5,82694;270751,6;4799554;Protoaurginacian;S006-05;16;Ly-6390;14C-AMS;36500;750;n/a;n/a;charcoal;XIII-XIII lower;10;Sapiens;Both;Cave;Seasonal camp;Fortea Perez 1996;n/a
S006;La Vina;Spain;Asturias;Manzaneda;43,31389;-5,82694;270751,6;4799554;Mousterian;S006-04;21;GifA-99231;14C-AMS;37700;590;n/a;n/a;charcoal;XIII basal;10;Neanderthals;Both;Cave;Seasonal camp;Fortea Perez 2001;n/a
S006;La Vina;Spain;Asturias;Manzaneda;43,31389;-5,82694;270751,6;4799554;Mousterian;S006-03;12;GifA-95551;14C-AMS;39000;0;n/a;n/a;n/a;XIV;10;Neanderthals;Both;Cave;Seasonal camp;Fortea Perez 2001;n/a
S006;La Vina;Spain;Asturias;Manzaneda;43,31389;-5,82694;270751,6;4799554;Mousterian;S006-02;21;GifA-95537;14C-AMS;39000;0;n/a;n/a;charcoal;XIII basal;10;Neanderthals;Both;Cave;Seasonal camp;Fortea Perez 1999;Pure charcoal fraction
S006;La Vina;Spain;Asturias;Manzaneda;43,31389;-5,82694;270751,6;4799554;Mousterian;S006-01;21;GifA-95546;14C-AMS;42200;2200;n/a;n/a;charcoal;XIII basal;10;Neanderthals;Both;Cave;Seasonal camp;Wood et al. 2014;Charcoal humid fraction
S007;Llonin;Spain;Asturias;Llonin;43,3333;-4,654;365915,1;4799156,6;Mousterian;S007-01;21;ANU-56319;14C-AMS;43539;2419;n/a;n/a;bone;VIII;60;Neanderthals;Both;Cave;Seasonal camp;Sanchis et al. 2019;Ulna of Cervus elaphus with cut marks LLO-96
S008;Tito Bustillo;Spain;Asturias;Ribadesella;43,46262;-5,06841;332675,6;4814268,1;Aurignacian;S008-04;n/a;O-21;U-series;30800;5600;n/a;n/a;pigment;n/a;2;Sapiens;Sapiens;Cave;Art site;Pike et al. 2012;E-series: Red pigment associated with anthropomorphic figure of Galeria de los Antropomorfos
S008;Tito Bustillo;Spain;Asturias;Ribadesella;43,46262;-5,06841;332675,6;4814268,1;Aurignacian;S008-03;17;Beta 170181;14C-AMS;32990;450;n/a;n/a;bone;E-V;2;Sapiens;Sapiens;Cave;Art site;Balbin-Behrmann et al. 2017;Obtained from the mass of bones. Gallery of Bisons
S008;Tito Bustillo;Spain;Asturias;Ribadesella;43,46262;-5,06841;332675,6;4814268,1;Aurignacian;S008-02;n/a;O-48;U-series;35540;390;n/a;n/a;pigment;n/a;2;Sapiens;Sapiens;Cave;Art site;Pike et al. 2012;U-series: Underlies large red abthropomorph figure of Galeria de los Antropomorfos (corrected isoluble residue)
S008;Tito Bustillo;Spain;Asturias;Ribadesella;43,46262;-5,06841;332675,6;4814268,1;Aurignacian;S008-01;n/a;O-48;U-series;36200;1500;n/a;n/a;pigment;n/a;2;Sapiens;Sapiens;Cave;Art site;Pike et al. 2012;Underlies large red abthropomorph figure of Galeria de los Antropomorfos
S009;Sopena;Spain;Asturias;Cangas de Onis;43,32111111;-4,946666667;342157,3;4798314,7;Gravettian;S009-09;16;Beta-580494;14C-AMS;30750;180;-19,6;n/a;bone;VII;2;Sapiens;Both;Shelther;Seasonal camp;Pinto-Llona and Grandal-d'Anglade 2022;SPN-2002-L.VII- 51642. Large bovid with chop marks
S009;Sopena;Spain;Asturias;Cangas de Onis;43,32111111;-4,946666667;342157,3;4798314,7;Aurignacian;S009-08;16;Beta-580492;14C-AMS;33920;230;-20,4;n/a;bone;IX;2;Sapiens;Both;Shelther;Seasonal camp;Pinto-Llona and Grandal-d'Anglade 2022;SPN-2002-L-IX-65048, bovid metapodial showing cutmarks
S009;Sopena;Spain;Asturias;Cangas de Onis;43,32111111;-4,946666667;342157,3;4798314,7;Aurignacian;S009-07;21;GR-39760;14C-AMS;34470;650;-20,6;n/a;bone;XI;2;Sapiens;Both;Shelther;Seasonal camp;Maroto et al. 2012;SPN-2002-L.XI-85391 inderterminated bone
S009;Sopena;Spain;Asturias;Cangas de Onis;43,32111111;-4,946666667;342157,3;4798314,7;Mousterian;S009-04;21;Beta-580496;14C-AMS;41060;420;-20,5;n/a;bone;XII;2;Neanderthals;Both;Shelther;Seasonal camp;Pinto-Llona and Grandal-d'Anglade 2022;SPN-2002-L.XII-87590. Large mammal with cutmarks
S009;Sopena;Spain;Asturias;Cangas de Onis;43,32111111;-4,946666667;342157,3;4798314,7;Mousterian;S009-01;22;Beta-470472;14C-AMS;43830;460;-20,8;n/a;bone;XII;2;Neanderthals;Both;Shelther;Seasonal camp;Pinto-Llona and Grandal-d'Anglade 2019;SPN-2002-L.XII-87758
S009;Sopena;Spain;Asturias;Cangas de Onis;43,32111111;-4,946666667;342157,3;4798314,7;Mousterian;S009-06;21;Beta-580497;14C-AMS;39530;420;-20;n/a;bone;XIII;2;Neanderthals;Both;Shelther;Seasonal camp;Pinto-Llona and Grandal-d'Anglade 2022;SPN-2002-L.XIII-89507. Large mammal with cut marks
S009;Sopena;Spain;Asturias;Cangas de Onis;43,32111111;-4,946666667;342157,3;4798314,7;Mousterian;S009-05;21;Beta-580490;14C-AMS;40350;460;-20,4;n/a;bone;XIII;2;Neanderthals;Both;Shelther;Seasonal camp;Pinto-Llona and Grandal-d'Anglade 2022;SPN-2002-L.XIII-89471. Cervid/bovid with filleting marks
S009;Sopena;Spain;Asturias;Cangas de Onis;43,32111111;-4,946666667;342157,3;4798314,7;Mousterian;S009-03;16;Beta-580498;14C-AMS;42630;600;-19,8;n/a;bone;XIV;2;Neanderthals;Both;Shelther;Seasonal camp;Pinto-Llona and Grandal-d'Anglade 2022;SPN-2002-L.XIV-90653. Cervid/bovid with impact fractures
S009;Sopena;Spain;Asturias;Cangas de Onis;43,32111111;-4,946666667;342157,3;4798314,7;Mousterian;S009-02;22;Beta-580500;14C-AMS;43500;0;-20,3;n/a;bone;XV;2;Neanderthals;Both;Shelther;Seasonal camp;Pinto-Llona and Grandal-d'Anglade 2022;SPN-2002-L.XV-#72083. Cervid/bovid with cutmarks
S010;Esquilleu;Spain;Cantabria;Cillorigo de Liebana;43,28925;-4,59835;370332,9;4794176,6;Mousterian;S010-11;16;GrA-35065;14C-AMS;30250;500;n/a;n/a;charcoal;V;40;Neanderthals;Both;Cave;Seasonal camp;Baena et al. 2012;n/a
S010;Esquilleu;Spain;Cantabria;Cillorigo de Liebana;43,28925;-4,59835;370332,9;4794176,6;Mousterian;S010-10;20;AA-37883;14C-AMS;34380;670;n/a;n/a;charcoal;VIF;40;Neanderthals;Both;Cave;Seasonal camp;Zilhao 2006;n/a
S010;Esquilleu;Spain;Cantabria;Cillorigo de Liebana;43,28925;-4,59835;370332,9;4794176,6;Mousterian;S010-09;16;AA-37882;14C-AMS;36500;830;n/a;n/a;charcoal;Xif;40;Neanderthals;Both;Cave;Seasonal camp;Zilhao 2006;n/a
S010;Esquilleu;Spain;Cantabria;Cillorigo de Liebana;43,28925;-4,59835;370332,9;4794176,6;Mousterian;S010-08;16;Beta-149320;14C-AMS;39000;300;n/a;n/a;charcoal;XIII;40;Neanderthals;Both;Cave;Seasonal camp;Baena 2014;n/a
S010;Esquilleu;Spain;Cantabria;Cillorigo de Liebana;43,28925;-4,59835;370332,9;4794176,6;Mousterian;S010-07;20;OxA-19085;14C-AMS;39280;340;n/a;n/a;charcoal;XIX-1;40;Neanderthals;Both;Cave;Seasonal camp;Baena et al. 2012;n/a
S010;Esquilleu;Spain;Cantabria;Cillorigo de Liebana;43,28925;-4,59835;370332,9;4794176,6;Mousterian;S010-06;20;OxA-V-2284-29;14C-AMS;39600;400;n/a;n/a;charcoal;XIX-3;40;Neanderthals;Both;Cave;Seasonal camp;Baena et al. 2012;n/a
S010;Esquilleu;Spain;Cantabria;Cillorigo de Liebana;43,28925;-4,59835;370332,9;4794176,6;Mousterian;S010-05;20;OxA-V-2284-30;14C-AMS;39650;450;n/a;n/a;charcoal;XIX-4;40;Neanderthals;Both;Cave;Seasonal camp;Baena et al. 2012;n/a
S010;Esquilleu;Spain;Cantabria;Cillorigo de Liebana;43,28925;-4,59835;370332,9;4794176,6;Mousterian;S010-04;20;GrA-33816;14C-AMS;40110;500;n/a;n/a;charcoal;VI;40;Neanderthals;Both;Cave;Seasonal camp;Baena et al. 2012;n/a
S010;Esquilleu;Spain;Cantabria;Cillorigo de Liebana;43,28925;-4,59835;370332,9;4794176,6;Mousterian;S010-03;16;Beta-197526;14C-AMS;43690;0;n/a;n/a;charcoal;XX;40;Neanderthals;Both;Cave;Seasonal camp;Baena 2014;n/a
S010;Esquilleu;Spain;Cantabria;Cillorigo de Liebana;43,28925;-4,59835;370332,9;4794176,6;Mousterian;S010-02;21;OxA-19965;14C-AMS;43700;1400;n/a;n/a;bone;VI-1;40;Neanderthals;Both;Cave;Seasonal camp;Baena et al. 2012;n/a
S010;Esquilleu;Spain;Cantabria;Cillorigo de Liebana;43,28925;-4,59835;370332,9;4794176,6;Mousterian;S010-01;21;OxA-19966;14C-AMS;44100;1300;n/a;n/a;bone;VI-2;40;Neanderthals;Both;Cave;Seasonal camp;Baena et al. 2012;n/a
S011;Altamira;Spain;Cantabria;Santillana del Mar;43,3775;-4,1192;409336;4803345,1;Aurignacian;S011-01;n/a;O-50;U-series;36160;610;n/a;n/a;pigment;sign ALT-11;44;Sapiens;Sapiens;Cave;Art site;Pike et al. 2012;Large claviform-like symbol of Techno de los Policromos
S012;El Castillo;Spain;Cantabria;Puente Viesgo;43,29237;-3,96558;421671,1;4793735,4;Mousterian;S012-01;25;OxA-10329;14C-AMS;43800;0;-20,6;n/a;bone;20b2;40;Neanderthals;Both;Cave;Seasonal camp;Bernaldo et al. 2006;Megaloceros giganteus bone from Mousterian alpha
S012;El Castillo;Spain;Cantabria;Puente Viesgo;43,29237;-3,96558;421671,1;4793735,4;Mousterian;S012-02;22;n/a;14C-AMS;43400;3800;n/a;n/a;charcoal;20b2;40;Neanderthals;Both;Cave;Seasonal camp;Landry and Burke 2006;n/a
S012;El Castillo;Spain;Cantabria;Puente Viesgo;43,29237;-3,96558;421671,1;4793735,4;Mousterian;S012-03;22;GifA-92506;14C-AMS;43300;2900;-19,7;n/a;charcoal;20b2;40;Neanderthals;Both;Cave;Seasonal camp;Cabrera Valdes et al. 1996;n/a
S012;El Castillo;Spain;Cantabria;Puente Viesgo;43,29237;-3,96558;421671,1;4793735,4;Aurignacian;S012-04;29;OxA-22202;14C-AMS;43100;1700;-20,5;n/a;bone;18C;40;Sapiens;Both;Cave;Seasonal camp;Wood et al. 2018;Cut marked humerus/femur (C. elaphus) from level 18C from Cabrera Valdes excavation
S012;El Castillo;Spain;Cantabria;Puente Viesgo;43,29237;-3,96558;421671,1;4793735,4;Mousterian;S012-05;25;OxA-10187;14C-AMS;42900;1400;-19,7;n/a;bone;20b2;40;Neanderthals;Both;Cave;Seasonal camp;Wood et al. 2018;Palaeoloxodon bone from Mousterian alpha
S012;El Castillo;Spain;Cantabria;Puente Viesgo;43,29237;-3,96558;421671,1;4793735,4;Aurignacian;S012-06;29;OxA-22403;14C-AMS;42700;1600;-21,7;4,9;bone;18C;40;Sapiens;Both;Cave;Seasonal camp;Wood et al. 2018;Cut marked tibia (Cervus elaphus) from level 18C from Cabrera Valdes excavation
S012;El Castillo;Spain;Cantabria;Puente Viesgo;43,29237;-3,96558;421671,1;4793735,4;Aurignacian;S012-07;22;GifA-89147;14C-AMS;42200;2100;n/a;n/a;charcoal;18C;40;Sapiens;Both;Cave;Seasonal camp;Wood et al. 2018;n/a
S012;El Castillo;Spain;Cantabria;Puente Viesgo;43,29237;-3,96558;421671,1;4793735,4;Aurignacian;S012-08;29;OxA-22018;14C-AMS;42100;1500;-19,9;3,7;bone;Aurignacian Delta 18;40;Sapiens;Both;Cave;Seasonal camp;Wood et al. 2018;Cut marked cf femur ( cf Cervus) from the Obermaier excavation
S012;El Castillo;Spain;Cantabria;Puente Viesgo;43,29237;-3,96558;421671,1;4793735,4;Mousterian;S012-09;24;OxA-10233;14C-AMS;42100;1500;-19,6;n/a;tooth;20b2;40;Neanderthals;Both;Cave;Seasonal camp;Wood et al. 2018;Stephanorhinus tooth from Mousterian alpha
S012;El Castillo;Spain;Cantabria;Puente Viesgo;43,29237;-3,96558;421671,1;4793735,4;Aurignacian;S012-10;n/a;ESR LU 93121A3;ESR LU;42100;5400;n/a;n/a;tooth;18C;40;Sapiens;Both;Cave;Seasonal camp;Vermeersch 2020;Cervus elephus tooth
S012;El Castillo;Spain;Cantabria;Puente Viesgo;43,29237;-3,96558;421671,1;4793735,4;Aurignacian;S012-11;29;OxA-22203;14C-AMS;42000;15000;-20,3;n/a;bone;18C;40;Sapiens;Both;Cave;Seasonal camp;Rink et al. 1996;Cut marked tibia (Cervus elaphus) from level 18C from Cabrera Valdes excavation
S012;El Castillo;Spain;Cantabria;Puente Viesgo;43,29237;-3,96558;421671,1;4793735,4;Mousterian;S012-12;22;n/a;14C-AMS;41900;2000;n/a;n/a;charcoal;20b2;40;Neanderthals;Both;Cave;Seasonal camp;Vermeersch 2020;n/a
S012;El Castillo;Spain;Cantabria;Puente Viesgo;43,29237;-3,96558;421671,1;4793735,4;Aurignacian;S012-13;n/a;ESR LU 93121A2;ESR LU;41200;5200;n/a;n/a;teeth;18C;40;Sapiens;Both;Cave;Seasonal camp;Rink et al. 1996;Cervus elephus teeth
S012;El Castillo;Spain;Cantabria;Puente Viesgo;43,29237;-3,96558;421671,1;4793735,4;Aurignacian;S012-14;22;OxA-2477;14C-AMS;41100;1700;-25,6;n/a;charcoal;18C;40;Sapiens;Both;Cave;Seasonal camp;Cabrera Valdes et al. 1996;n/a
S012;El Castillo;Spain;Cantabria;Puente Viesgo;43,29237;-3,96558;421671,1;4793735,4;Aurignacian;S012-15;22;OxA-2476;14C-AMS;40700;1500;-26,4;n/a;charcoal;18C;40;Sapiens;Both;Cave;Seasonal camp;Cabrera Valdes et al. 1996;n/a
S012;El Castillo;Spain;Cantabria;Puente Viesgo;43,29237;-3,96558;421671,1;4793735,4;Aurignacian;S012-16;21;OxA-2475;14C-AMS;40700;1600;-25,1;n/a;charcoal;18b2;40;Sapiens;Both;Cave;Seasonal camp;Cabrera Valdes et al. 1996;n/a
S012;El Castillo;Spain;Cantabria;Puente Viesgo;43,29237;-3,96558;421671,1;4793735,4;Aurignacian;S012-17;22;AA-2405;14C-AMS;40000;2100;n/a;n/a;charcoal;18C;40;Sapiens;Both;Cave;Seasonal camp;Cabrera Valdes and Bischoff, 1989;n/a
S012;El Castillo;Spain;Cantabria;Puente Viesgo;43,29237;-3,96558;421671,1;4793735,4;Aurignacian;S012-18;29;OxA-22637;14C-AMS;39900;1100;-20,4;4,9;bone;Aurignacian Delta 18;40;Sapiens;Both;Cave;Seasonal camp;Wood et al. 2018;Cut marked indeterminate pelvis from the Obermaier excavation
S012;El Castillo;Spain;Cantabria;Puente Viesgo;43,29237;-3,96558;421671,1;4793735,4;Aurignacian;S012-19;n/a;n/a;n/a;39900;4600;n/a;n/a;tooth;18C;40;Sapiens;Both;Cave;Seasonal camp;Vermeersch 2020;Cervus elaphus tooth
S012;El Castillo;Spain;Cantabria;Puente Viesgo;43,29237;-3,96558;421671,1;4793735,4;Aurignacian;S012-20;22;OxA-2478;14C-AMS;39800;1400;-26,6;n/a;charcoal;18C;40;Sapiens;Both;Cave;Seasonal camp;Cabrera Valdes et al. 1996;n/a
S012;El Castillo;Spain;Cantabria;Puente Viesgo;43,29237;-3,96558;421671,1;4793735,4;Aurignacian;S012-21;22;GifA-49147;14C-AMS;39500;2000;n/a;n/a;charcoal;Aurignacian Delta 18;40;Sapiens;Both;Cave;Seasonal camp;Zilhao 2006;n/a
S012;El Castillo;Spain;Cantabria;Puente Viesgo;43,29237;-3,96558;421671,1;4793735,4;Mousterian;S012-22;22;GifA-89144;14C-AMS;39300;1900;n/a;n/a;charcoal;20b2;40;Neanderthals;Both;Cave;Seasonal camp;Zilhao 2006;n/a
S012;El Castillo;Spain;Cantabria;Puente Viesgo;43,29237;-3,96558;421671,1;4793735,4;Protoaurginacian;S012-23;23;OxA-22200;14C-AMS;38600;1000;-22;n/a;bone;16;40;Sapiens;Both;Cave;Seasonal camp;Wood et al. 2018;Bone collagen tibia cf. Bos/Bison CS2
S012;El Castillo;Spain;Cantabria;Puente Viesgo;43,29237;-3,96558;421671,1;4793735,4;Aurignacian;S012-24;21;OxA-2474;14C-AMS;38500;1300;-26,5;n/a;charcoal;18b2;40;Sapiens;Both;Cave;Seasonal camp;Cabrera Valdes et al. 1996;n/a
S012;El Castillo;Spain;Cantabria;Puente Viesgo;43,29237;-3,96558;421671,1;4793735,4;Aurignacian;S012-25;18;AA-2406;14C-AMS;38500;1800;n/a;n/a;charcoal;18b1;40;Sapiens;Both;Cave;Seasonal camp;Cabrera Valdes and Bischoff, 1989;n/a
S012;El Castillo;Spain;Cantabria;Puente Viesgo;43,29237;-3,96558;421671,1;4793735,4;Aurignacian;S012-26;29;OxA-22016;14C-AMS;38000;1800;-20,6;3,5;bone;Aurignacian Delta;40;Sapiens;Both;Cave;Seasonal camp;Wood et al. 2018;Cut marked diaphysis fragment (cf Cervus) from the Obermaier excavation
S012;El Castillo;Spain;Cantabria;Puente Viesgo;43,29237;-3,96558;421671,1;4793735,4;Aurignacian;S012-27;21;AA-2407;14C-AMS;37700;1800;n/a;n/a;charcoal;18b2;40;Sapiens;Both;Cave;Seasonal camp;Cabrera Valdes and Bischoff 1989;n/a
S012;El Castillo;Spain;Cantabria;Puente Viesgo;43,29237;-3,96558;421671,1;4793735,4;Aurignacian;S012-28;n/a;O-82;U-series;37630;340;n/a;n/a;pigment;Panel de las Manos;40;Sapiens;Both;Cave;Art site;Pike et al. 2012;Sample overlays red neative hand stencil, and underlies yellow outline bison of Panel de las Manos
S012;El Castillo;Spain;Cantabria;Puente Viesgo;43,29237;-3,96558;421671,1;4793735,4;Aurignacian;S012-29;21;OxA-2473;14C-AMS;37100;2200;n/a;n/a;charcoal;18b2;40;Sapiens;Both;Cave;Seasonal camp;Cabrera Valdes et al. 1996;n/a
S012;El Castillo;Spain;Cantabria;Puente Viesgo;43,29237;-3,96558;421671,1;4793735,4;Aurignacian;S012-30;n/a;ESR LU 93120A2;ESR LU;37100;4800;n/a;n/a;tooth;18C;40;Sapiens;Both;Cave;Seasonal camp;Vermeersch 2020;Cervus elephus teeth
S012;El Castillo;Spain;Cantabria;Puente Viesgo;43,29237;-3,96558;421671,1;4793735,4;Aurignacian;S012-31;n/a;n/a;ESR;36200;4100;n/a;n/a;bone;18C;40;Sapiens;Both;Cave;Seasonal camp;Vermeersch 2020;ESR bone Cervus
S012;El Castillo;Spain;Cantabria;Puente Viesgo;43,29237;-3,96558;421671,1;4793735,4;Aurignacian;S012-32;n/a;Average of 7 aliquot determinations. ESR LU;ESR LU;36200;4100;n/a;n/a;tooth;18C;40;Sapiens;Both;Cave;Seasonal camp;Vermeersch 2020;Cervus elaphus tooth
S012;El Castillo;Spain;Cantabria;Puente Viesgo;43,29237;-3,96558;421671,1;4793735,4;Aurignacian;S012-33;n/a;ESR;ESR;36200;4100;n/a;n/a;tooth;18C;40;Sapiens;Both;Cave;Seasonal camp;Vermeersch 2020;Cervus elaphus tooth
S012;El Castillo;Spain;Cantabria;Puente Viesgo;43,29237;-3,96558;421671,1;4793735,4;Aurignacian;S012-34;n/a;O-87;U-series;35720;260;n/a;n/a;pigment;Galería de los Discos;40;Sapiens;Both;Cave;Art site;Pike et al. 2012;U-series disequilibrium maximum age. Underlies large red disk of Galería de los Discos (same panel as O-69)
S012;El Castillo;Spain;Cantabria;Puente Viesgo;43,29237;-3,96558;421671,1;4793735,4;Aurignacian;S012-35;24;OxA-21713;14C-AMS;35000;600;-19,6;2,5;bone;Aurignacian Delta;40;Sapiens;Both;Cave;Seasonal camp;Wood et al. 2018;Antler (Cervus elaphus) baguette (split based point blank) from layer Aurignacian Delta
S012;El Castillo;Spain;Cantabria;Puente Viesgo;43,29237;-3,96558;421671,1;4793735,4;Aurignacian;S012-36;n/a;ESR LU 93124 A1C;ESR LU;34600;4400;n/a;n/a;tooth;18C;40;Sapiens;Both;Cave;Seasonal camp;Rink et al. 1996;Cervus elephus tooth
S012;El Castillo;Spain;Cantabria;Puente Viesgo;43,29237;-3,96558;421671,1;4793735,4;Aurignacian;S012-37;20;GifA-95539;14C-AMS;34300;1000;n/a;n/a;charcoal;16;40;Sapiens;Both;Cave;Seasonal camp;Wood et al. 2018;n/a
S012;El Castillo;Spain;Cantabria;Puente Viesgo;43,29237;-3,96558;421671,1;4793735,4;Aurignacian;S012-38;n/a;O-69;U-series;34250;170;n/a;n/a;pigment;Galería de los Discos;40;Sapiens;Both;Cave;Art site;Pike et al. 2012; U-series disequilibrium minimum age. Underlies large red disk of Galería de los Discos (same panel as O-87)
S012;El Castillo;Spain;Cantabria;Puente Viesgo;43,29237;-3,96558;421671,1;4793735,4;Aurignacian;S012-39;n/a;ESR LU 93123AD;ESR LU;33700;4200;n/a;n/a;tooth;18C;40;Sapiens;Both;Cave;Seasonal camp;Vermeersch 2020;Cervus elephus tooth
S012;El Castillo;Spain;Cantabria;Puente Viesgo;43,29237;-3,96558;421671,1;4793735,4;Aurignacian;S012-40;n/a;ESR LU  93123AC;ESR LU;33300;4000;n/a;n/a;tooth;18C;40;Sapiens;Both;Cave;Seasonal camp;Vermeersch 2020;Cervus elephus tooth
S012;El Castillo;Spain;Cantabria;Puente Viesgo;43,29237;-3,96558;421671,1;4793735,4;Aurignacian;S012-41;n/a;ESR LU 93124 A2CD;ESR LU;31400;3900;n/a;n/a;tooth;18C;40;Sapiens;Both;Cave;Seasonal camp;Vermeersch 2020;Cervus elephus tooth
S013;La Flecha;Spain;Cantabria;Santona;43,28939;-3,9645;421754,9;4793403,5;Mousterian;S013-01;13;SI-4460;14C-AMS;31640;890;n/a;n/a;n/a;n/a;4;Neanderthals;Neanderthals;Cave;Seasonal camp;Butzer 1981;Mousterian with reservations according Castaneda 2001
S014;Covalejos;Spain;Cantabria;Velo de Pielago;43,39488;-3,92778;424864,1;4805085;Aurignacian;S014-13;23;GrA-22443;14C-AMS;30380;250;n/a;n/a;antler;2;10;Sapiens;Both;Cave;Seasonal camp;Resines del Rio 2005;Antler split-based point
S014;Covalejos;Spain;Cantabria;Velo de Pielago;43,39488;-3,92778;424864,1;4805085;Mousterian;S014-12;21;GrA-33822;14C-AMS;30860;340;-21,4;n/a;tooth;7;10;Neanderthals;Both;Cave;Seasonal camp;Maroto et al. 2012;n/a
S014;Covalejos;Spain;Cantabria;Velo de Pielago;43,39488;-3,92778;424864,1;4805085;Aurignacian;S014-11;18;GrA-24220;14C-AMS;32840;280;n/a;n/a;n/a;3;10;Sapiens;Both;Cave;Seasonal camp;Yravedra Sainz de los Terreros et al. 2010;n/a
S014;Covalejos;Spain;Cantabria;Velo de Pielago;43,39488;-3,92778;424864,1;4805085;Protoaurginacian;S014-10;24;OxA-32549;14C-AMS;34350;600;n/a;n/a;bone;2;10;Sapiens;Both;Cave;Seasonal camp;Marín-Arroyo et al. 2018;Cervus elaphus bone mandible, anthropogenic breakage
S014;Covalejos;Spain;Cantabria;Velo de Pielago;43,39488;-3,92778;424864,1;4805085;Protoaurginacian;S014-09;24;OxA-32512;14C-AMS;34850;600;n/a;n/a;bone;3;10;Sapiens;Both;Cave;Seasonal camp;Marín-Arroyo et al. 2018;Cervus elaphus bone femur, anthropogenic breakage
S014;Covalejos;Spain;Cantabria;Velo de Pielago;43,39488;-3,92778;424864,1;4805085;Protoaurginacian;S014-08;22;OxA-32513;14C-AMS;35150;650;n/a;n/a;bone;2;10;Sapiens;Both;Cave;Seasonal camp;Marín-Arroyo et al. 2018;Cervus elaphus bone
S014;Covalejos;Spain;Cantabria;Velo de Pielago;43,39488;-3,92778;424864,1;4805085;Protoaurginacian;S014-07;22;OxA-32511;14C-AMS;35250;700;n/a;n/a;bone;3;10;Sapiens;Both;Cave;Seasonal camp;Marín-Arroyo et al. 2018;n/a
S014;Covalejos;Spain;Cantabria;Velo de Pielago;43,39488;-3,92778;424864,1;4805085;Aurignacian;S014-06;24;GrA-33877;14C-AMS;37940;400;-20,6;n/a;tooth;3;10;Sapiens;Both;Cave;Seasonal camp;Maroto et al. 2012;Archaeological level
S014;Covalejos;Spain;Cantabria;Velo de Pielago;43,39488;-3,92778;424864,1;4805085;Mousterian;S014-05;16;n/a;n/a;38400;3900;n/a;n/a;n/a;7;10;Neanderthals;Both;Cave;Seasonal camp;Vermeersch 2020;n/a
S014;Covalejos;Spain;Cantabria;Velo de Pielago;43,39488;-3,92778;424864,1;4805085;Mousterian;S014-04;22;GrA-23921;14C-AMS;40650;2300;n/a;n/a;bone;4;10;Neanderthals;Both;Cave;Seasonal camp;Baena Preysler et al. 2004;Bone collagen
S014;Covalejos;Spain;Cantabria;Velo de Pielago;43,39488;-3,92778;424864,1;4805085;Mousterian;S014-03;22;GrA-22814;14C-AMS;41640;650;n/a;n/a;bone;4;10;Neanderthals;Both;Cave;Seasonal camp;Baena Preysler et al. 2004;Bone collagen
S014;Covalejos;Spain;Cantabria;Velo de Pielago;43,39488;-3,92778;424864,1;4805085;Mousterian;S014-02;22;GrA-33811;14C-AMS;43050;750;-20,8;n/a;tooth;4;10;Neanderthals;Both;Cave;Seasonal camp;Maroto et al. 2012;n/a
S014;Covalejos;Spain;Cantabria;Velo de Pielago;43,39488;-3,92778;424864,1;4805085;Mousterian;S014-01;22;GrA-33812;14C-AMS;45000;0;-20,8;n/a;tooth;8;10;Neanderthals;Both;Cave;Seasonal camp;Maroto et al. 2012;Archaeological level, fire
S015;El Pendo;Spain;Cantabria;Escobedo de Camargo;43,38772;-3,91346;426015,1;4804277,1;Mousterian;S015-06;n/a;ESR;ESR;30500;300;n/a;n/a;n/a;32 (H);100;Neanderthals;Both;Cave;Seasonal camp;Vermeersch 2020;n/a
S015;El Pendo;Spain;Cantabria;Escobedo de Camargo;43,38772;-3,91346;426015,1;4804277,1;Mousterian;S015-05;n/a;ESR;ESR;33700;1300;n/a;n/a;n/a;26;100;Neanderthals;Both;Cave;Seasonal camp;Vermeersch 2020;n/a
S015;El Pendo;Spain;Cantabria;Escobedo de Camargo;43,38772;-3,91346;426015,1;4804277,1;Mousterian;S015-04;n/a;n/a;n/a;39626;3864;n/a;n/a;burnt flint;F;100;Neanderthals;Both;Cave;Seasonal camp;Vermeersch 2020;n/a
S015;El Pendo;Spain;Cantabria;Escobedo de Camargo;43,38772;-3,91346;426015,1;4804277,1;Mousterian;S015-03;n/a;ESR;ESR;40000;0;n/a;n/a;n/a;B;100;Neanderthals;Both;Cave;Seasonal camp;Vermeersch 2020;n/a
S015;El Pendo;Spain;Cantabria;Escobedo de Camargo;43,38772;-3,91346;426015,1;4804277,1;Chatelperronian;S015-02;18;GifA-95082;14C-AMS;40500;1800;n/a;n/a;n/a;VIII;100;Neanderthals;Both;Cave;Seasonal camp;Vermeersch 2020;n/a
S015;El Pendo;Spain;Cantabria;Escobedo de Camargo;43,38772;-3,91346;426015,1;4804277,1;Early Aurignacian;S015-01;20;GifA-95078;14C-AMS;45000;0;n/a;n/a;bone;VIIIb-a;100;Neanderthals;Both;Cave;Seasonal camp;Vermeersch 2020;n/a
S016;Ruso;Spain;Cantabria;Sanabria;43,4313;-3,8857;428314,9;4809092,7;Mousterian;S016-02;18;Beta-70813;14C-AMS;30200;1360;n/a;n/a;bone;5a;4;Neanderthals;Both;Cave;Seasonal camp;Baena Preysler et al. 2004;n/a
S016;Ruso;Spain;Cantabria;Sanabria;43,4313;-3,8857;428314,9;4809092,7;Aurignacian;S016-01;20;B-70813;14C-AMS;34184;1678;-25;n/a;n/a;5;4;Sapiens;Both;Cave;Seasonal camp;Muñoz Fernández and Serna Gancedo 1999;n/a
S017;Cueva Morin;Spain;Cantabria;Villaneuva-Villescusa;43,37686;-3,85795;430498,7;4803023,2;Early Aurignacian;S017-10;19;SI-3325;14C-AMS;30465;901;n/a;n/a;n/a;"6;7";40;Sapiens;Both;Cave;Seasonal camp;Tejero 2014;n/a
S017;Cueva Morin;Spain;Cantabria;Villaneuva-Villescusa;43,37686;-3,85795;430498,7;4803023,2;Early Aurignacian;S017-09;19;LUNK-0757;14C-AMS;31600;900;-25;n/a;n/a;"6;7";40;Sapiens;Both;Cave;Seasonal camp;Stuckenrath 1978;n/a
S017;Cueva Morin;Spain;Cantabria;Villaneuva-Villescusa;43,37686;-3,85795;430498,7;4803023,2;Early Aurignacian;S017-08;16;SI-954;14C-AMS;31740;865;n/a;n/a;charcoal;7;40;Sapiens;Both;Cave;Seasonal camp;Maíllo-Fernández et al. 2014;n/a
S017;Cueva Morin;Spain;Cantabria;Villaneuva-Villescusa;43,37686;-3,85795;430498,7;4803023,2;Protoaurginacian;S017-07;16;GrA-33891;14C-AMS;33430;250;n/a;n/a;charcoal;9;40;Sapiens;Both;Cave;Seasonal camp;Maroto et al. 2012;n/a
S017;Cueva Morin;Spain;Cantabria;Villaneuva-Villescusa;43,37686;-3,85795;430498,7;4803023,2;Chatelperronian;S017-06;16;SI-951A;14C-AMS;35905;6777;n/a;n/a;charcoal;10;40;Neanderthals;Both;Cave;Seasonal camp;Maíllo Fernández et al. 2001;n/a
S017;Cueva Morin;Spain;Cantabria;Villaneuva-Villescusa;43,37686;-3,85795;430498,7;4803023,2;Protoaurginacian;S017-05;19;GifA-96263;14C-AMS;36590;770;n/a;n/a;charcoal;8;40;Sapiens;Both;Cave;Seasonal camp;Maíllo Fernández et al. 2001;n/a
S017;Cueva Morin;Spain;Cantabria;Villaneuva-Villescusa;43,37686;-3,85795;430498,7;4803023,2;Mousterian;S017-04;21;GifA-96264;14C-AMS;39770;730;n/a;n/a;charcoal;11;40;Neanderthals;Both;Cave;Seasonal camp;Maíllo Fernández et al. 2001;n/a
S017;Cueva Morin;Spain;Cantabria;Villaneuva-Villescusa;43,37686;-3,85795;430498,7;4803023,2;Protoaurginacian;S017-03;19;OxA-19084;14C-AMS;40060;350;-25,5;n/a;charcoal;8;40;Sapiens;Both;Cave;Seasonal camp;Maroto et al. 2012;n/a
S017;Cueva Morin;Spain;Cantabria;Villaneuva-Villescusa;43,37686;-3,85795;430498,7;4803023,2;Mousterian;S017-02;21;OxA-19083;14C-AMS;41800;450;-25,2;n/a;charcoal;11;40;Neanderthals;Both;Cave;Seasonal camp;Maroto et al. 2012;n/a
S017;Cueva Morin;Spain;Cantabria;Villaneuva-Villescusa;43,37686;-3,85795;430498,7;4803023,2;Mousterian;S017-01;21;OxA-19459;14C-AMS;43600;600;-24,2;n/a;charcoal;11;40;Neanderthals;Both;Cave;Seasonal camp;Maroto et al. 2012;n/a
S018;Arenillas;Spain;Cantabria;Castro Urdiales;43,481;-3,785;436517,2;4814530,5;Aurignacian;S018-02;17;GrN-19597;14C-AMS;33870;1700;n/a;n/a;n/a;II;4;Sapiens;Sapiens;Cave;Seasonal camp;Molinero Arroyabe, 2000;n/a
S018;Arenillas;Spain;Cantabria;Castro Urdiales;43,481;-3,785;436517,2;4814530,5;Aurignacian;S018-01;14;GrN-19599;14C-AMS;34660;1600;n/a;n/a;n/a;II;4;Sapiens;Sapiens;Cave;Seasonal camp;Molinero Arroyabe, 2000;Obtained by gathering two samples called Arenillas III (taken in the Lower Gallery) and Arenillas IV (obtained in level III). Separately they did not contain the necessary amount of collagen.
S019;Cobrante;Spain;Cantabria;San Miguel de Aras;43,3213;-3,5272;457253,3;4796630,6;Aurignacian;S019-04;17;GrA-22441;14C-AMS;30480;250;n/a;n/a;bone;5;4;Sapiens;Sapiens;Cave;Seasonal camp;Resines del Rio 2005;n/a
S019;Cobrante;Spain;Cantabria;San Miguel de Aras;43,3213;-3,5272;457253,3;4796630,6;Protoaurginacian;S019-03;23;GrA-22442;14C-AMS;33320;310;n/a;n/a;bone;6;4;Sapiens;Sapiens;Cave;Seasonal camp;Resines del Rio 2005;n/a
S019;Cobrante;Spain;Cantabria;San Miguel de Aras;43,3213;-3,5272;457253,3;4796630,6;Protoaurginacian;S019-02;26;OxA-32505;14C-AMS;35150;650;n/a;n/a;bone;6;4;Sapiens;Sapiens;Cave;Seasonal camp;Muñoz Fernández and Santamaría Santamaría 2009;Bone Cervus elaphus palanx 2, anthropogenic breakage
S019;Cobrante;Spain;Cantabria;San Miguel de Aras;43,3213;-3,5272;457253,3;4796630,6;Protoaurginacian;S019-01;26;OxA-32506;14C-AMS;44800;0;n/a;n/a;bone;6;4;Sapiens;Sapiens;Cave;Seasonal camp;Muñoz Fernández and Santamaría Santamaría 2009;Cervus elaphus femur, anthropogenic breakage
S020;El Miron;Spain;Cantabria;Ramales de la Victoria;43,24353;-3,45161;463335,7;4787958;Mousterian;S020-01;14;GX-27112;14C-AMS;41280;1120;n/a;n/a;charcoal;Vestibule rear 130;34;Neanderthals;Both;Cave;Seasonal camp;Straus et al. 2002;"Charcoal from spit 36; sq X10, zone VR"
S021;Pondra;Spain;Cantabria;Ramales de la Victoria;43,2671;-3,4166;466191,1;4790560,7;Aurignacian;S021-01;n/a;MAD-2059;U-Th;32946;3440;n/a;n/a;stalagmitic crust;Deer painting;0;Sapiens;Sapiens;Cave;Art site;Gonzalez Sainz and San Miguel Llamosas 2001;n/a
S021;Pondra;Spain;Cantabria;Ramales de la Victoria;43,2671;-3,4166;466191,1;4790560,7;Aurignacian;S021-02;n/a;MAD-2056;U-Th;35740;4730;n/a;n/a;stalagmitic crust;Red line and horses;0;Sapiens;Sapiens;Cave;Art site;Gonzalez Sainz and San Miguel Llamosas 2001;n/a
S022;Cuco;Spain;Cantabria;Castro Urdiales;43,38445;-3,24223;480379,8;4803537,2;Evolved Aurignacian;S022-05;23;OxA-32502;14C-AMS;35050;650;n/a;n/a;bone;III;4;Sapiens;Both;Cave;Seasonal camp;Marín-Arroyo et al. 2018;Bone Cervus elaphus, metatarsal, indeterminate breakage
S022;Cuco;Spain;Cantabria;Castro Urdiales;43,38445;-3,24223;480379,8;4803537,2;Mousterian;S022-02;17;OxA-27196;14C-AMS;42350;700;n/a;n/a;Shell;X;4;Neanderthals;Both;Cave;Seasonal camp;Gutierrez-Zugasti et al. 2018;Patella vulgata from spit 20, CU.X.8
S022;Cuco;Spain;Cantabria;Castro Urdiales;43,38445;-3,24223;480379,8;4803537,2;Evolved Aurignacian;S022-08;23;Beta-472943;14C-AMS;33080;200;-19,9;n/a;bone;III;4;Sapiens;Both;Cave;Seasonal camp;Resines del Rio et al. 2021;Ungulate
S022;Cuco;Spain;Cantabria;Castro Urdiales;43,38445;-3,24223;480379,8;4803537,2;Mousterian;S022-01;17;Beta-382681;14C-AMS;43500;0;0,8;n/a;Shell;XII;4;Neanderthals;Both;Cave;Seasonal camp;Gutiérrez-Zugasti et al. 2018;Patella vulgata from spit 20, CUCO 7
S022;Cuco;Spain;Cantabria;Castro Urdiales;43,38445;-3,24223;480379,8;4803537,2;Evolved Aurignacian;S022-10;23;Beta-470596;14C-AMS;31280;160;-20;n/a;bone;III;4;Sapiens;Both;Cave;Seasonal camp;Resines del Rio et al. 2021;Ungulate
S022;Cuco;Spain;Cantabria;Castro Urdiales;43,38445;-3,24223;480379,8;4803537,2;Evolved Aurignacian;S022-09;23;Beta-472944;14C-AMS;31670;190;-20,5;n/a;bone;III;4;Sapiens;Both;Cave;Seasonal camp;Resines del Rio et al. 2021;Ungulate
S022;Cuco;Spain;Cantabria;Castro Urdiales;43,38445;-3,24223;480379,8;4803537,2;Evolved Aurignacian;S022-06;23;Beta-472945;14C-AMS;34180;240;-20,6;n/a;bone;III;4;Sapiens;Both;Cave;Seasonal camp;Resines del Rio et al. 2021;Ungulate
S022;Cuco;Spain;Cantabria;Castro Urdiales;43,38445;-3,24223;480379,8;4803537,2;Evolved Aurignacian;S022-07;23;Beta-472946;14C-AMS;33130;240;-20,7;n/a;bone;III;4;Sapiens;Both;Cave;Seasonal camp;Resines del Rio et al. 2021;Ungulate
S022;Cuco;Spain;Cantabria;Castro Urdiales;43,38445;-3,24223;480379,8;4803537,2;Aurignacian;S022-04;17;Beta-472947;14C-AMS;36160;280;-20,6;n/a;bone;Va;4;Sapiens;Both;Cave;Seasonal camp;Resines del Rio et al. 2021;Ungulate
S022;Cuco;Spain;Cantabria;Castro Urdiales;43,38445;-3,24223;480379,8;4803537,2;Mousterian;S022-03;17;Beta-472949;14C-AMS;41600;550;-20,3;n/a;bone;Vb;4;Neanderthals;Both;Cave;Seasonal camp;Resines del Rio et al. 2021;Ungulate
S023;Kurtzia;Spain;Vizcaya;Barrica;43,402;-2,958;503400,9;4805458,6;Mousterian;S023-01;17;UGRA-293;14C-AMS;41400;2500;n/a;n/a;charcoal;a;10;Neanderthals;Neanderthals;Open air;Stone carving workshop;Munoz et al. 1990;Wood fragment
S024;Arrillor;Spain;Alava;Zigoitia;42,89912;-2,73;522043,2;4749647,7;Mousterian;S024-03;21;OxA-6106;14C-AMS;37100;1000;n/a;n/a;Charcoal;Lmc;14;Neanderthals;Neanderthals;Cave;Seasonal camp;Hoyos et al. 1999;n/a
S024;Arrillor;Spain;Alava;Zigoitia;42,89912;-2,73;522043,2;4749647,7;Mousterian;S024-02;16;OxA-6250;14C-AMS;43100;1700;-24;n/a;bone;Smk-1;14;Neanderthals;Neanderthals;Cave;Seasonal camp;Hoyos et al. 1999;Burnt bone
S024;Arrillor;Spain;Alava;Zigoitia;42,89912;-2,73;522043,2;4749647,7;Mousterian;S024-01;21;OxA-21986;14C-AMS;44900;2100;-19,5;n/a;bone;Lmc;14;Neanderthals;Neanderthals;Cave;Seasonal camp;Higham et al. 2014;Bone Sample taken from lab store, already crushed
S025;Axlor;Spain;Cantabria;Dima;43,12399;-2,71571;523125,4;4774623;Mousterian;S025-03;17;Beta-225485;14C-AMS;33310;360;n/a;n/a;bone;F;14;Neanderthals;Both;Cave;Seasonal camp;Gomez-Olivencia et al. 2018;n/a
S025;Axlor;Spain;Cantabria;Dima;43,12399;-2,71571;523125,4;4774623;Mousterian;S025-02;21;Beta-144262;14C-AMS;42010;1280;n/a;n/a;bone;D;14;Neanderthals;Both;Cave;Seasonal camp;González Urquijo and Ibáñez Estévez 2002;n/a
S025;Axlor;Spain;Cantabria;Dima;43,12399;-2,71571;523125,4;4774623;Mousterian;S025-01;21;Beta-225486;14C-AMS;43000;0;n/a;n/a;bone;D;14;Neanderthals;Both;Cave;Seasonal camp;Gomez-Olivencia et al. 2018;n/a
S026;Antonilako Koba;Spain;Vizcaya;Zelaieta;43,3645;-2,6657;527086,6;4801347,5;Evolved Aurignacian;S026-01;17;Beta-251304;14C-AMS;30640;240;n/a;n/a;bone;Lmbk inf/Smk;33;Sapiens;Sapiens;Cave;Seasonal camp;Aguirre Ruiz de Gopegui and Gonzalez Sainz 2011;n/a
S027;Askondo;Spain;Vizcaya;Manaria;43,13055556;-2,66035;527625,6;4775368,9;Aurignacian;S027-01;21;Beta-303670;14C-AMS;31440;190;n/a;n/a;bone;10;5;Sapiens;Both;Cave;Seasonal camp;Garaizar Rios and Garate Maidagan 2012;Burnt bone
S027;Askondo;Spain;Vizcaya;Manaria;43,13055556;-2,66035;527625,6;4775368,9;Mousterian;S027-02;21;Beta-313144;14C-AMS;41400;0;-20,9;2,1;bone;12;5;Neanderthals;Both;Cave;Seasonal camp;Garaizar Rios and Garate Maidagan 2012;Large bovid tibia with anthropic fracture
S028;Bolinkoba;Spain;Vizcaya;Alxarte;43,12611;-2,63404;529767,7;4774884,2;Evolved Aurignacian;S028-01;19;Beta-426855;14C-AMS;30520;190;n/a;n/a;charcoal;2 inferior;40;Sapiens;Sapiens;Cave;Seasonal camp;Iriarte-Chiapusso and Arrizabalaga 2015;n/a
S028;Bolinkoba;Spain;Vizcaya;Alxarte;43,12611;-2,63404;529767,7;4774884,2;Evolved Aurignacian;S028-02;19;Beta-302984;14C-AMS;30780;180;n/a;n/a;charcoal;2 inferior;40;Sapiens;Sapiens;Cave;Seasonal camp;Iriarte-Chiapusso and Arrizabalaga 2015;n/a
S029;Lezetxiki;Spain;Guipuzcoa;Arrasate;43,07795;-2,531524;538136,4;4769577,6;Protoaurginacian;S029-02;20;OxA-21838;14C-AMS;30830;380;-18,8;4,3;bone;III;84;Sapiens;Both;Cave;Seasonal camp;Maroto et al. 2012;Ungulate remains from upper unit from square 10A, z -420cm
S029;Lezetxiki;Spain;Guipuzcoa;Arrasate;43,07795;-2,531524;538136,4;4769577,6;Protoaurginacian;S029-01;20;OxA-21837;14C-AMS;34550;190;-19,2;5,9;bone;III;84;Sapiens;Both;Cave;Seasonal camp;Maroto et al. 2012;Ungulate bone from upper unit
S030;Labeko Koba;Spain;Guipuzcoa;Mondragon;43,0619;-2,48333;542070,7;4767818,2;Chatelperronian;S030-01;29;OxA-22562;14C-AMS;38100;900;-20,1;3;bone;IX lower;20;Neanderthals;Both;Cave;Seasonal camp;Wood et al. 2014;Cut marked Cervus elaphus (juvenile), humerus
S030;Labeko Koba;Spain;Guipuzcoa;Mondragon;43,0619;-2,48333;542070,7;4767818,2;Chatelperronian;S030-02;19;OxA-22564;14C-AMS;37900;900;-19,9;3,4;bone;IX bottom;20;Neanderthals;Both;Cave;Seasonal camp;Wood et al. 2014;n/a
S030;Labeko Koba;Spain;Guipuzcoa;Mondragon;43,0619;-2,48333;542070,7;4767818,2;Chatelperronian;S030-03;29;OxA-22561;14C-AMS;38000;900;-20,3;4,1;bone;IX  lower;20;Neanderthals;Both;Cave;Seasonal camp;Wood et al. 2014;Cervus elaphus, distal humerus cut marked
S030;Labeko Koba;Spain;Guipuzcoa;Mondragon;43,0619;-2,48333;542070,7;4767818,2;Chatelperronian;S030-04;29;OxA-22563;14C-AMS;37800;900;-20,2;3,7;bone;IX  lower;20;Neanderthals;Both;Cave;Seasonal camp;Wood et al. 2014;Cervus elaphus, metatarsal cutmarks and gnaw marks
S030;Labeko Koba;Spain;Guipuzcoa;Mondragon;43,0619;-2,48333;542070,7;4767818,2;Chatelperronian;S030-05;29;OxA-22560;14C-AMS;37400;800;-20,6;3,8;bone;IX  lower;20;Neanderthals;Both;Cave;Seasonal camp;Wood et al. 2014;Cervus elaphus radius cut marked
S030;Labeko Koba;Spain;Guipuzcoa;Mondragon;43,0619;-2,48333;542070,7;4767818,2;Protoaurginacian;S030-06;28;OxA-21766;14C-AMS;36850;800;-21,2;4,2;bone;VII;20;Sapiens;Both;Cave;Seasonal camp;Wood et al. 2014;Capra pyrenaica tibia diaphyseal fragment Retouch
S030;Labeko Koba;Spain;Guipuzcoa;Mondragon;43,0619;-2,48333;542070,7;4767818,2;Protoaurginacian;S030-07;24;OxA-X-2314-43;14C-AMS;36500;750;-19,5;4,4;bone;VII;20;Sapiens;Both;Cave;Seasonal camp;Wood et al. 2014;Diaphyseal fragment from a large taxon Chisel, but carbonated and difficult to interpret.
S030;Labeko Koba;Spain;Guipuzcoa;Mondragon;43,0619;-2,48333;542070,7;4767818,2;Protoaurginacian;S030-08;24;OxA-21793;14C-AMS;35400;650;-19,2;5,2;bone;VII;20;Sapiens;Both;Cave;Seasonal camp;Wood et al. 2014;Diaphyseal fragment Chipped surface
S030;Labeko Koba;Spain;Guipuzcoa;Mondragon;43,0619;-2,48333;542070,7;4767818,2;Protoaurginacian;S030-09;24;OxA-21840;14C-AMS;35250;650;n/a;n/a;bone;VII;20;Sapiens;Both;Cave;Seasonal camp;Wood et al. 2014;Diaphyseal fragment Chipped surface
S030;Labeko Koba;Spain;Guipuzcoa;Mondragon;43,0619;-2,48333;542070,7;4767818,2;Early Aurignacian;S030-10;25;OxA-21778;14C-AMS;35100;600;-19,4;4,5;bone;VI;20;Sapiens;Both;Cave;Seasonal camp;Wood et al. 2014;Diaphyseal fragment from a small taxon (e.g., Capra-Rupicapra ) Retouch
S030;Labeko Koba;Spain;Guipuzcoa;Mondragon;43,0619;-2,48333;542070,7;4767818,2;Early Aurignacian;S030-11;28;OxA-21767;14C-AMS;34750;600;-20,5;2,8;bone;V;20;Sapiens;Both;Cave;Seasonal camp;Wood et al. 2014;Radius diaphyseal fragment from a large taxon ( Equus or Bovidae) Retouch
S030;Labeko Koba;Spain;Guipuzcoa;Mondragon;43,0619;-2,48333;542070,7;4767818,2;Early Aurignacian;S030-12;28;OxA-21779;14C-AMS;34650;600;-19,2;5,3;bone;V;20;Sapiens;Both;Cave;Seasonal camp;Wood et al. 2014;Tibia diaphyseal fragment from a large taxon ( Equus or Bovidae) Retouch
S030;Labeko Koba;Spain;Guipuzcoa;Mondragon;43,0619;-2,48333;542070,7;4767818,2;Chatelperronian;S030-13;19;Ua-3324;14C-AMS;34215;1265;n/a;n/a;bone;IX  lower;20;Neanderthals;Both;Cave;Seasonal camp;Arrizabalaga 2000;n/a
S030;Labeko Koba;Spain;Guipuzcoa;Mondragon;43,0619;-2,48333;542070,7;4767818,2;Early Aurignacian;S030-14;28;OxA-21768;14C-AMS;33600;500;-19,1;5,3;bone;IV;20;Sapiens;Both;Cave;Seasonal camp;Wood et al. 2014;Diaphyseal fragment of a medium sized taxon (e.g., Cervus elaphus ) Retouch
S030;Labeko Koba;Spain;Guipuzcoa;Mondragon;43,0619;-2,48333;542070,7;4767818,2;Early Aurignacian;S030-15;28;OxA-21780;14C-AMS;33550;550;-19,4;6,6;bone;IV;20;Sapiens;Both;Cave;Seasonal camp;Wood et al. 2014;Diaphyseal fragment Retouchoir
S030;Labeko Koba;Spain;Guipuzcoa;Mondragon;43,0619;-2,48333;542070,7;4767818,2;Early Aurignacian;S030-16;26;OxA-21794;14C-AMS;32200;450;-20,7;6,6;bone;VI;20;Sapiens;Both;Cave;Seasonal camp;Wood et al. 2014;Diaphyseal fragment of a large taxon ( Equus or Bovidae) Possible retouch
S030;Labeko Koba;Spain;Guipuzcoa;Mondragon;43,0619;-2,48333;542070,7;4767818,2;Early Aurignacian;S030-17;26;OxA-21841;14C-AMS;32150;450;n/a;n/a;bone;VI;20;Sapiens;Both;Cave;Seasonal camp;Wood et al. 2014;Diaphyseal fragment of a large taxon ( Equus or Bovidae) Possible retouch
S030;Labeko Koba;Spain;Guipuzcoa;Mondragon;43,0619;-2,48333;542070,7;4767818,2;Protoaurginacian;S030-18;20;Ua-3321;14C-AMS;31455;915;n/a;n/a;bone;VII;20;Sapiens;Both;Cave;Seasonal camp;Arrizabalaga 2000;n/a
S030;Labeko Koba;Spain;Guipuzcoa;Mondragon;43,0619;-2,48333;542070,7;4767818,2;Early Aurignacian;S030-19;20;Ua-3322;14C-AMS;30615;820;n/a;n/a;bone;V;20;Sapiens;Both;Cave;Seasonal camp;Arrizabalaga 2000;From square 103
S031;Praileaitz;Spain;Cantabria;Deba;43,27689;-2,36937;551170,3;4791756,8;Chatelperronian;S031-01;15;Beta-341895;14C-AMS;35010;280;n/a;n/a;bone;IV;191;Neanderthals;Both;Cave;Seasonal camp;Peñalver et al. 2017;Pantera pardus bone
S032;Mugarduia Sur;Spain;Navarra;Portugain;42,87349;-2,20925;564585;4747069,5;Mousterian;S032-01;n/a;MAD-4272;U-Th;34862;3344;n/a;n/a;flint;1;15;Neanderthals;Both;Cave;Stone carving workshop;Barandiaran et al. 2007;Burnt flint artefact
S033;Ekain;Spain;Guipuzcoa;Deba;43,23622;-2,26;560084,7;4787313;Aurignacian;S033-04;27;OxA-32424;14C-AMS;31110;400;n/a;n/a;bone;Ixb;7;Sapiens;Both;Cave;Seasonal camp;Marín-Arroyo et al. 2018;Bone Cervus elaphus mandible with anthropogenic breakage
S033;Ekain;Spain;Guipuzcoa;Deba;43,23622;-2,26;560084,7;4787313;Aurignacian;S033-03;27;OxA-32423;14C-AMS;31140;400;n/a;n/a;bone;Ixb;7;Sapiens;Both;Cave;Seasonal camp;Marín-Arroyo et al. 2018;Bone Cervus mandible with anthropogenic breakage
S033;Ekain;Spain;Guipuzcoa;Deba;43,23622;-2,26;560084,7;4787313;Aurignacian;S033-02;23;I-11506;14C-AMS;30600;0;n/a;n/a;bone;Ixb;7;Sapiens;Both;Cave;Seasonal camp;Mariezkurrena 1979;n/a
S033;Ekain;Spain;Guipuzcoa;Deba;43,23622;-2,26;560084,7;4787313;Chatelperronian;S033-01;21;OxA-34930;14C-AMS;34350;550;n/a;n/a;bone;Xa;7;Neanderthals;Both;Cave;Seasonal camp;Marín-Arroyo et al. 2018;Radius Rupicapra sp Gnawing marks, anthropogenid  breakage
S034;Amalda 1;Spain;Guipuzcoa;Zestoa;43,23781;-2,25403;560567,9;4787493,8;Mousterian;S034-03;22;Beta-451922;14C-AMS;35590;270;-19,8;14,47;bone;VII;35;Neanderthals;Neanderthals;Cave;Seasonal camp;Sanchez-Romero et al. 2020;Rupicapra rupicapra falanx gnawed A.6D.208, carnivore-modified
S034;Amalda 1;Spain;Guipuzcoa;Zestoa;43,23781;-2,25403;560567,9;4787493,8;Mousterian;S034-02;27;OxA-34933;14C-AMS;42600;1600;-21,2;3,2;bone;VII;35;Neanderthals;Neanderthals;Cave;Seasonal camp;Sanchez-Romero et al. 2020;Bone Cervus elaphus tibia anthropogenic breakage A8G.204.13
S034;Amalda 1;Spain;Guipuzcoa;Zestoa;43,23781;-2,25403;560567,9;4787493,8;Mousterian;S034-01;27;OxA-32500;14C-AMS;44500;2100;-20,2;3,8;bone;VII;35;Neanderthals;Neanderthals;Cave;Seasonal camp;Sanchez-Romero et al. 2020;Bone Cervus elaphus, metatarsal, anthropogenic breakage 7G.221.16.X62.Y82
S035;Altxerri;Spain;Guipuzcoa;Aia;43,24976;-2,14933;569055,4;4788902,1;Aurignacian;S035-02;21;Ua-11144;14C-AMS;34196;1206;n/a;n/a;bone;Galeria Superior;4;Sapiens;Sapiens;Cave;Art site;Altuna and Mariezkurrena 2010;Bones R. rupiCapra centrotarsal
S035;Altxerri;Spain;Guipuzcoa;Aia;43,24976;-2,14933;569055,4;4788902,1;Aurignacian;S035-01;23;Beta-340768;14C-AMS;34370;280;n/a;n/a;bone;Galeria Superior;4;Sapiens;Sapiens;Cave;Art site;Gonzalez-Sainz et al. 2013;Burnt bones of indeter mammal
S036;Aitzbitarte III;Spain;Guipuzcoa;Renteria;43,2632;-1,8944;589730,4;4790636,8;Evolved Aurignacian;S036-12;23;OxA-32416;14C-AMS;30990;390;n/a;n/a;bone;Vb sup;56;Sapiens;Sapiens;Cave;Seasonal camp;Jones et al. 2018;Cervus elaphus tibia anthropogenic breakage
S036;Aitzbitarte III;Spain;Guipuzcoa;Renteria;43,2632;-1,8944;589730,4;4790636,8;Evolved Aurignacian;S036-11;21;Ua-18468;14C-AMS;31000;835;n/a;n/a;n/a;Vb sup;56;Sapiens;Sapiens;Cave;Seasonal camp;Altuna 2011;n/a
S036;Aitzbitarte III;Spain;Guipuzcoa;Renteria;43,2632;-1,8944;589730,4;4790636,8;Evolved Aurignacian;S036-10;21;Ua-21159;14C-AMS;31065;870;n/a;n/a;n/a;Vb sup;56;Sapiens;Sapiens;Cave;Seasonal camp;Altuna 2011;n/a
S036;Aitzbitarte III;Spain;Guipuzcoa;Renteria;43,2632;-1,8944;589730,4;4790636,8;Gravettian;S036-09;26;OxA-32420;14C-AMS;31090;400;n/a;n/a;bone;Va ;56;Sapiens;Sapiens;Cave;Seasonal camp;Marín-Arroyo et al. 2018;Cervus elapmhus bone anthropogenic brekage.Va Level contains Early Transitional Gravettian features
S036;Aitzbitarte III;Spain;Guipuzcoa;Renteria;43,2632;-1,8944;589730,4;4790636,8;Evolved Aurignacian;S036-08;22;OxA-34932;14C-AMS;31130;390;n/a;n/a;bone;Vb central;56;Sapiens;Sapiens;Cave;Seasonal camp;Marín-Arroyo et al. 2018;Bos/Bison sp. Femur gnawing marks over cut marks
S036;Aitzbitarte III;Spain;Guipuzcoa;Renteria;43,2632;-1,8944;589730,4;4790636,8;Gravettian;S036-07;22;Ua-18467;14C-AMS;31210;860;n/a;n/a;charcoal;Va ;56;Sapiens;Sapiens;Cave;Seasonal camp;Altuna 2011;Bone Cervus. Va Level contains Early Transitional Gravettian features
S036;Aitzbitarte III;Spain;Guipuzcoa;Renteria;43,2632;-1,8944;589730,4;4790636,8;Gravettian;S036-06;27;OxA-32421;14C-AMS;31300;400;n/a;n/a;bone;Va;56;Sapiens;Sapiens;Cave;Seasonal camp;Marín-Arroyo et al. 2018;Cervus elaphus bone anthropogenic breakage. Va Level contains Early Transitional Gravettian features
S036;Aitzbitarte III;Spain;Guipuzcoa;Renteria;43,2632;-1,8944;589730,4;4790636,8;Evolved Aurignacian;S036-05;22;OxA-32418;14C-AMS;31600;400;n/a;n/a;bone;Vb central;56;Sapiens;Sapiens;Cave;Seasonal camp;Marín-Arroyo et al. 2018;Equus sp. Radius sanhropogenic breakage
S036;Aitzbitarte III;Spain;Guipuzcoa;Renteria;43,2632;-1,8944;589730,4;4790636,8;Evolved Aurignacian;S036-04;27;OxA-32419;14C-AMS;31950;450;n/a;n/a;bone;Vb sup;56;Sapiens;Sapiens;Cave;Seasonal camp;Marín-Arroyo et al. 2018;Equus tibia anthropogenic breakage
S036;Aitzbitarte III;Spain;Guipuzcoa;Renteria;43,2632;-1,8944;589730,4;4790636,8;Evolved Aurignacian;S036-03;21;Ua-37963;14C-AMS;31975;960;n/a;n/a;n/a;Vb sup;56;Sapiens;Sapiens;Cave;Seasonal camp;Altuna 2011;n/a
S036;Aitzbitarte III;Spain;Guipuzcoa;Renteria;43,2632;-1,8944;589730,4;4790636,8;Evolved Aurignacian;S036-02;21;Ua-21158;14C-AMS;33605;165;n/a;n/a;n/a;Vb sup;56;Sapiens;Sapiens;Cave;Seasonal camp;Altuna 2011;n/a
S036;Aitzbitarte III;Spain;Guipuzcoa;Renteria;43,2632;-1,8944;589730,4;4790636,8;Evolved Aurignacian;S036-01;22;OxA-32417;14C-AMS;34900;600;n/a;n/a;bone;Vb central;56;Sapiens;Sapiens;Cave;Seasonal camp;Marín-Arroyo et al. 2018;Cervus elaphus tibia, anthropogenic beakage
S037;Abauntz;Spain;Navarra;Arraitz;43,0156;-1,641107;610733,8;4763443,1;Mousterian;S037-01;16;GrA-16960;14C-AMS;45000;0;n/a;n/a;bone;h;70;Neanderthals;Both;Cave;Seasonal camp;Mazo et al., 2011;Deer proximal metatarsal
